WKT,VOC,NOx,NH3,SOx,PM25,Height,Diam,Temp,Velocity
"MULTIPOLYGON (((-3999 -3999,-3001 -3001,-3001 -3999,-3999 -3999)))",34.7624895000,34.7624895000,34.7624895000,34.7624895000,34.7624895000,0.0000000000,0.0000000000,0.0000000000,0.0000000000
"MULTIPOLYGON (((-3999 -3999,-3001 -3001,-3001 -3999,-3999 -3999)))",0.0000000000,0.0000000000,0.0000000000,0.0000000000,34.7624895000,20.0000000000,0.0000000000,0.0000000000,0.0000000000
"MULTIPOLYGON (((-3999 -3999,-3001 -3001,-3001 -3999,-3999 -3999)))",0.0000000000,0.0000000000,0.0000000000,0.0000000000,34.7624895000,150.0000000000,0.0000000000,0.0000000000,0.0000000000
"MULTIPOLYGON (((-3999 -3999,-3001 -3001,-3001 -3999,-3999 -3999)))",0.0000000000,0.0000000000,0.0000000000,0.0000000000,34.7624895000,2000.0000000000,0.0000000000,0.0000000000,0.0000000000
"MULTIPOLYGON (((-3999 -3999,-3001 -3001,-3001 -3999,-3999 -3999)))",0.0000000000,0.0000000000,0.0000000000,0.0000000000,34.7624895000,3000.0000000000,0.0000000000,0.0000000000,0.0000000000
